{"mu": {"ANO": [0.271, 0.26993164294566213, 0.26173670578126357, 0.27267023758546743, 0.27772211418001275, 0.2837498579852227, 0.2845666018544147, 0.28880257115574337, 0.29820431541911113, 0.3001653552538869, 0.29944154864448763, 0.2999388515085813, 0.299810591211085, 0.2996465873015036, 0.2990559952040876, 0.29763608811376335, 0.29317028392777034, 0.3015809384011193, 0.3136588324402645, 0.3141882664158307, 0.3264721363766806], "ODS": [0.136, 0.15257192472904937, 0.2141268723514605, 0.22058116067754002, 0.2212420700688921, 0.19428942007006741, 0.19407359082950737, 0.1804474657484314, 0.1654658417745514, 0.16460758409062595, 0.16556601419628672, 0.1669661268806403, 0.1644096108181362, 0.1654369191520397, 0.16653676577451157, 0.16601116878388422, 0.17244487904628958, 0.15719216001568798, 0.17488267654381479, 0.17389176103847911, 0.16636008693470974], "SPD": [0.096, 0.0958073814205185, 0.1097355702026088, 0.1052466456788558, 0.11025814706519772, 0.1145056035673349, 0.1151371641786997, 0.11908852535190365, 0.12316676920220003, 0.12370316296267744, 0.12451620219332386, 0.12340177582988446, 0.12401729164677097, 0.12154062950288348, 0.1207069978511851, 0.11869305682965205, 0.11739637003971708, 0.11859272442377992, 0.09314883422132186, 0.09327634670433105, 0.09595689963460409], "Piráti": [0.095, 0.0834908239497969, 0.07465563730962259, 0.07396725576064839, 0.07274963166056111, 0.08789706484296604, 0.09010009151593044, 0.09848858113971004, 0.1003338066053497, 0.09943288707034101, 0.09995732955422952, 0.09866252893371706, 0.09907373109838817, 0.10033236240436179, 0.100169069759506, 0.1046293500004855, 0.10571584678162763, 0.09980324089183905, 0.09911329869941712, 0.09934963902158293, 0.09362879571866578], "STAN": [0.061, 0.11198116293950354, 0.10308256093390228, 0.09608246087462785, 0.08872245571717134, 0.07475495232054154, 0.07095695225604653, 0.06270219492061885, 0.056484561158619044, 0.05527620536379274, 0.05487823890830059, 0.056255379274172894, 0.056739652527742906, 0.05834734818235004, 0.05959103102976124, 0.0588974507444415, 0.05938996019764179, 0.06243401874351293, 0.07138206087337744, 0.07144846446754397, 0.07485774847161729], "TOP 09": [0.07200000000000001, 0.06998495583125437, 0.05666873817309071, 0.04813266019393378, 0.041377020363377405, 0.04396717312911944, 0.04424627025686091, 0.04682402098280684, 0.04819329860045673, 0.04801833618111174, 0.046902887439567977, 0.04736764277670559, 0.04837816680191991, 0.04915935596106832, 0.0486101675119733, 0.049885036404722305, 0.050502332598519446, 0.048379316026985704, 0.04991792437430066, 0.04992096922524912, 0.04995247682469311], "ČSSD": [0.047, 0.04136570754943438, 0.030589967406837504, 0.03071980313904908, 0.03516341658017345, 0.04597551923571092, 0.046457199914482786, 0.048435260835575984, 0.04597003680916257, 0.044114280797242264, 0.0429347433371755, 0.041187111645524514, 0.04058687736329923, 0.04006109606453079, 0.039298684681253596, 0.04232663653186764, 0.04111430182727518, 0.04095877324927062, 0.04581262059062372, 0.04585028902432486, 0.043517924653722964], "KDU-ČSL": [0.069, 0.04391503992649232, 0.049214166887094714, 0.043875277378891825, 0.04349643956171113, 0.04212281463028755, 0.04147822358783726, 0.04237797494313682, 0.0410794210556446, 0.03956603438275453, 0.039755989059134605, 0.04044967543060048, 0.04146675797957486, 0.041941131438711234, 0.04378416414788028, 0.046306539200397914, 0.044619212528851405, 0.04616740963073333, 0.03841244394563448, 0.038344686433139166, 0.03900461868083964], "KSČM": [0.036000000000000004, 0.03475803615265909, 0.022177400452628785, 0.0237578270773972, 0.023797508877699124, 0.026523034247358197, 0.02647016944631295, 0.026939060297056016, 0.027071255666278406, 0.027723733127245978, 0.0271306322753938, 0.025760039262743024, null, 0.02263781522652826, 0.022545575806034085, 0.023349407453014493, 0.024477758357097274, 0.03284426504961994, 0.028115357365370644, 0.02831192690191458, 0.02898491955793132], "Přísaha": [0.047, 0.030637108249621067, 0.03074530795904527, 0.03146507218334317, 0.029218511571714133, 0.026842270205090137, 0.025991001827709626, 0.026100100911747994, 0.0303847124659857, 0.03163700043922605, 0.031907443127494724, 0.031771213960935206, 0.031867631492407476, 0.031453616193270716, 0.0313475914991499, 0.02606124631885451, 0.02470784504690701, null, 0.02352038610172807, 0.02351643926408585, 0.022114522603757115]}, "lo": {"ANO": [0.21806048906048903, 0.21912884611482691, 0.20930576526120748, 0.22153825662302679, 0.22420838775048918, 0.23105065681529213, 0.23280791552010266, 0.23629395394078168, 0.24491022769543197, 0.24552319043465876, 0.246246997044058, 0.24574969417996434, 0.24587795447746064, 0.24604195838704201, 0.2440585479104555, 0.24290445242677722, 0.23964824889076253, 0.24668160986142895, 0.26034374156230955, 0.25981430758674334, 0.27069646079191656], "ODS": [0.09566023166023166, 0.10997633781921315, 0.16682550860092044, 0.1732412331448538, 0.1725803237535017, 0.14805292227227493, 0.14826875151283497, 0.13615485085388518, 0.12282244651373689, 0.12110670162365975, 0.12272227409200157, 0.12389616398165057, 0.12130467489614949, 0.12285136913624858, 0.1243255250877793, 0.12227711950440406, 0.1287134221120116, 0.11565211282858484, 0.1314236297624915, 0.12984054269382464, 0.12192820135357854], "SPD": [0.06101415701415702, 0.06120677559363852, 0.07301861255157396, 0.06978552935331922, 0.0750700382629876, 0.07854458948285815, 0.07791302887149336, 0.08168367542029711, 0.08532743929200846, 0.08479104553153105, 0.08655200887488722, 0.08509243266432404, 0.08447691684743752, 0.08437957641732242, 0.08263920549501824, 0.08207914394254871, 0.08080182815848112, 0.08217947634842084, 0.058717317644830014, 0.05858980516182083, 0.061057257379552934], "Piráti": [0.06201415701415702, 0.05035730989833695, 0.04374848109449582, 0.04443686264347002, 0.04308048416955472, 0.0562470793011781, 0.056618055202216286, 0.06367358102245213, 0.06440235813081503, 0.06530327766582372, 0.06477883518193521, 0.06349963322844511, 0.06566243363777656, 0.06440380233180294, 0.06456709497665873, 0.06782882245768697, 0.0693163282505474, 0.06493292384432568, 0.0656228660367476, 0.0653865257145818, 0.060811358721488656], "STAN": [0.034238095238095234, 0.07592102496268437, 0.0668016089502676, 0.06093169613952917, 0.0554216884269728, 0.04364916608357687, 0.042299161000066726, 0.03510990289147896, 0.03103152635746847, 0.029665879578292198, 0.027489843459781775, 0.028686705667912045, 0.030776434988344606, 0.03174274190774005, 0.03307306163433142, 0.031192639345648587, 0.03327413246645087, 0.035378079068584874, 0.041874052382735824, 0.041807648788569296, 0.04354636993250112], "TOP 09": [0.04125611325611325, 0.040697154850856315, 0.0308473493429968, 0.023939411878138292, 0.0178250388386818, 0.02038289122094491, 0.02010379409320344, 0.02267404851526266, 0.023878773471615343, 0.024053735890960333, 0.02259518205850152, 0.022130426721363908, 0.02369390527015216, 0.025486718685006328, 0.02346190456009877, 0.02476103824135234, 0.0241437420475552, 0.023692756045086368, 0.024728150271773983, 0.024725105420825524, 0.024693597821381537], "ČSSD": [0.022498069498069498, 0.017836351652624823, 0.010594073777203679, 0.010464238044992101, 0.013742632325875456, 0.020948547688356002, 0.023040869583586712, 0.023636811236496087, 0.020954030114904355, 0.020235783552822087, 0.018841318438886277, 0.01801494755653469, 0.018615181838759973, 0.016566960563525843, 0.017329371946803035, 0.019449425244194136, 0.018087757374784026, 0.018243285952788582, 0.021111446333443203, 0.021073777899742067, 0.020832139696341387],