{"mu": {"ANO": [0.271, 0.2699316451803325, 0.2617367798711712, 0.272670344601686, 0.27772229683972205, 0.28375014688625533, 0.28456694129961563, 0.28880306554376267, 0.2982046932489933, 0.30016554303084725, 0.29944195431757653, 0.2999392181477825, 0.29981117940520763, 0.29964756799259706, 0.29905774483452696, 0.2976445142429684, 0.29319977267423014, 0.3015725090338774, 0.3112166227963353, 0.3115829961170606, 0.31608133271667194, 0.3119015119329407, 0.3102598822409386, 0.30928782637421687], "ODS": [0.136, 0.15257192670218905, 0.21412680847680046, 0.22058100875723397, 0.22124174971358399, 0.1942891852653048, 0.19407330577868662, 0.1804474535352942, 0.16546772022099274, 0.16461052772077106, 0.1655694625692025, 0.16697009483712588, 0.16441648724637742, 0.1654464713987217, 0.16654809951329633, 0.1660449933499102, 0.17247330198141167, 0.1576477665130341, 0.17591007589185598, 0.17514132977474267, 0.17201695184246366, 0.1742924910871509, 0.1677303960769483, 0.16814983166646888], "Piráti": [0.095, 0.08349082574760261, 0.07465570112985963, 0.0739673859108812, 0.07274991118673949, 0.0878974086435749, 0.09010047027627521, 0.09848898624204361, 0.10033486604268853, 0.0994346262583284, 0.09995937685527687, 0.09866552496431742, 0.0990778997605264, 0.10033774018074175, 0.10017610232423632, 0.10463888121592417, 0.1057265382310161, 0.09997809812222326, 0.10096860995846067, 0.10120117111350796, 0.09977831091532388, 0.1022520244287251, 0.10424203666727824, 0.10530614072542191], "SPD": [0.096, 0.09580738053104175, 0.10973552066470083, 0.1052465635262397, 0.1102579375526765, 0.11450508694645671, 0.11513651436683119, 0.11908709627843773, 0.12316167672543668, 0.12369552201625986, 0.12450647015144005, 0.12338972306258715, 0.12399952942674633, 0.12151584055262721, 0.1206759025806142, 0.11860852796643852, 0.11727075923369058, 0.11789365797143075, 0.09124039202290417, 0.09129769948615181, 0.09079428110950057, 0.08871755818067127, 0.08804652390605437, 0.08840753729202736], "STAN": [0.061, 0.11198115933027418, 0.10308248287266966, 0.09608233114343892, 0.0887222439193869, 0.07475473315335185, 0.07095675977860355, 0.06270214881025307, 0.056485209485828934, 0.05527739416703674, 0.05487981727410539, 0.056256973728828374, 0.056741755027446036, 0.058349428540467936, 0.059592662891889, 0.058903799924218736, 0.05939793618285168, 0.06241646898204998, 0.06946148734238713, 0.06946961822687221, 0.0693956156666683, 0.06719840965944722, 0.06783229287486994, 0.06638484103276532], "ČSSD": [0.047, 0.041365708039807284, 0.030590000538313174, 0.030719868874601434, 0.03516351833203061, 0.0459755564484123, 0.046457235934492296, 0.04843525212527843, 0.0459703244771272, 0.04411505832612423, 0.042935993127955846, 0.04118922885644433, 0.04059021259891445, 0.040066394335954755, 0.03930611436865233, 0.042340737298294184, 0.04114053103193897, 0.0411028758391312, 0.04628240518212272, 0.046323549880354045, 0.04544689679102937, 0.04622284811246401, 0.04623873437662761, 0.047857865615502385], "TOP 09": [0.07200000000000001, 0.06998495392712507, 0.05666871319453444, 0.04813264233494142, 0.041377035966925095, 0.04396716336481937, 0.04424625250879375, 0.04682388311038611, 0.0481926823986498, 0.04801745706025426, 0.04690205374660373, 0.047366441570237186, 0.04837598171107252, 0.04915560109688091, 0.04860580970786379, 0.04986946308851651, 0.05047602895801766, 0.048280046991868046, 0.048640600488833695, 0.04861310983246595, 0.04725435711559403, 0.04616900729992081, 0.046546890670009736, 0.04718504472534644], "KDU-ČSL": [0.069, 0.04391503971242603, 0.04921415130543543, 0.043875266291291536, 0.04349641951007014, 0.04212279473194215, 0.04147821224627484, 0.04237791675322639, 0.041079401153830374, 0.03956629168625774, 0.03975626536332806, 0.04044981824981113, 0.041466520719173956, 0.041940470687301584, 0.04378178149818646, 0.04629365525404556, 0.044605567557812295, 0.04606331586279002, 0.038903031065218974, 0.03886031335645786, 0.03979239337243504, 0.04010928484075341, 0.04537890162373473, 0.04623290663403421], "KSČM": [0.036000000000000004, 0.034758035752465104, 0.02217741358818944, 0.023757847395476497, 0.02379755072428718, 0.0265230781167176, 0.026470224610065332, 0.026939149425140578, 0.027071523798275265, 0.027724006454856124, 0.02713111383655843, 0.02576106501414848, null, 0.02264205590030686, 0.02255109094489585, 0.023363330641226143, 0.02449507055710456, 0.03277124782182366, 0.02832062472769189, 0.028482706479242146, 0.02905932191688728, 0.02908925112510817, 0.031002783599836898, 0.029893435377272678], "Přísaha": [0.047, 0.03063710812126941, 0.030745304384884462, 0.0314650623352952, 0.029218508649995496, 0.026842303423018875, 0.025991060196665673, 0.026100210707365967, 0.030384515227249696, 0.031636471138545584, 0.031906718317431214, 0.031770332341133946, 0.031866309781624295, 0.031451920836802164, 0.03134550567084212, 0.026067906396386318, 0.024723116729408974, null, 0.02456022411999762, 0.024581428983228907, 0.024876483242392014, 0.025987513809319695, 0.024382224492132266, 0.024496392885878026]}, "lo": {"ANO": [0.21806048906048903, 0.21912884388015652, 0.20930569117129982, 0.22153814960680823, 0.22420820509077988, 0.23105036791425948, 0.2328075760749017, 0.23629345955276237, 0.2449098498655498, 0.24552300265769839, 0.2462465913709691, 0.24574932754076312, 0.245877366283338, 0.24604097769594857, 0.24405679828001614, 0.24289602629757218, 0.23961876014430272, 0.2466900392286709, 0.2576379460582336, 0.2572715727375083, 0.26049524385990463, 0.2569530569216282, 0.25602068403962774, 0.2544187373323468], "ODS": [0.09566023166023166, 0.10997633584607347, 0.16682557247558047, 0.17324138506515985, 0.17258064410880983, 0.14805315707703753, 0.14826903656365573, 0.13615486306702237, 0.12282056806729555, 0.12110375799351464, 0.1227188257190858, 0.12389219602516499, 0.12129779846790828, 0.12284181688956658, 0.12431419134899455, 0.12224329493837807, 0.1286849991768895, 0.11519650633123871, 0.1303962304144503, 0.13116497653156362, 0.1291413493158375, 0.12943981264515286, 0.12313189478534256, 0.12528646176982458], "Piráti": [0.06201415701415702, 0.05035730810053124, 0.04374841727425878, 0.04443673249323721, 0.04308020464337635, 0.056246735500569245, 0.05661767644187152, 0.06367317592011856, 0.0644012986934762, 0.06530153847783633, 0.06477678788088786, 0.06349663719784475, 0.06565826497563833, 0.06439842455542298, 0.06456006241192841, 0.07039329381625085, 0.06930563680115892, 0.06475806661394147, 0.06634155735170665, 0.06610899619665936, 0.06495785382084085, 0.06763214545544478, 0.06821613579089422, 0.06972603430675312], "SPD": [0.06101415701415702, 0.061206776483115274, 0.07301866208948193, 0.06978561150593532, 0.07507024777550882, 0.07854510610373634, 0.07791367868336187, 0.08168510449376302, 0.08533253176877181, 0.08479868647794864, 0.08656174091677103, 0.08510448543162134, 0.08449467906746216, 0.0844043653675787, 0.08267030076558915, 0.08216367280576224, 0.08092743896450762, 0.08030454022676745, 0.05805175726924512, 0.05799444980599748, 0.058497868182648724, 0.05542658596347287, 0.05609762023808977, 0.05573660685211679], "STAN": [0.034238095238095234, 0.07592102857191373, 0.06680168701150022, 0.060931825870718104, 0.05542190022475724, 0.04364938525076656, 0.04229935347750971, 0.035109949001844734, 0.031030878030258578, 0.0296646907750482, 0.027488265093976977, 0.028685111213256564, 0.030774332488641476, 0.03174066154962215, 0.03307142977220366, 0.03118629016587135, 0.03326615648124098, 0.03539562883004783, 0.04122062333972355, 0.041212492455238475, 0.04128649501544239, 0.03833569587465832, 0.0377018126592356, 0.036575261927337635],