{"mu": {"ANO": [0.27062312485503953, 0.2699316390224817, 0.2617365915019806, 0.27267003915766547, 0.27772173123495203, 0.2837491156093271, 0.2845656988523394, 0.2888009287467859, 0.298199940742736, 0.30015914938739297, 0.29943367491486467, 0.29992893696664896, 0.2997961570507327, 0.2996250498657003, 0.29902800672593133, 0.2975529554577835, 0.2930296296570438, 0.3009291135325713, 0.3069058341397455, 0.30731154348647555], "ODS": [0.14184591408534747, 0.1525719246021547, 0.21412695350338506, 0.22058134059138368, 0.22124244711809976, 0.19428989627334553, 0.1940741746711361, 0.18044820946832288, 0.16546682016969974, 0.16460891394133695, 0.16556784028862526, 0.1669687597178116, 0.16441261638592386, 0.16544187543785915, 0.1665437938191565, 0.16603049547524037, 0.1724922205508571, 0.1572250696263853, 0.1791667441572577, 0.17810812250851196], "Piráti": [0.0909400216656214, 0.08349082387092521, 0.07465562311193363, 0.07396722549367232, 0.0727495619315857, 0.08789709995653536, 0.09010016772202448, 0.09848897535287848, 0.1003352400802972, 0.0994348848238815, 0.09995991458434557, 0.09866553502034718, 0.09907822645464248, 0.100339643439048, 0.10017831055554674, 0.10466380323578027, 0.10577206496189878, 0.10002547325230667, 0.10215425376116548, 0.10255226607981471], "SPD": [0.09593205176979527, 0.09580738120140624, 0.10973558356472701, 0.10524666007238255, 0.11025820545446938, 0.11450577938097525, 0.11513739035976985, 0.11908908322733786, 0.12316893493860984, 0.12370644387781932, 0.12452043925454329, 0.12340692478625881, 0.12402496312219287, 0.12155085872043243, 0.1207196122795444, 0.11872586669270484, 0.11744357990167764, 0.11887184607466775, 0.0916726316908384, 0.09177572679727339], "STAN": [0.07898412166607624, 0.11198116461088524, 0.10308259261483127, 0.0960825049948801, 0.08872250536530302, 0.07475488874849354, 0.07095681713389339, 0.06270168938023042, 0.056482362826963624, 0.05527278317611616, 0.05487389719016477, 0.05625015488363388, 0.056732222831398935, 0.05833706576762653, 0.05957859815664208, 0.05886041176481133, 0.059334029153875215, 0.06217031098471323, 0.06952517637266008, 0.06953988829747575], "TOP 09": [0.07128917314881976, 0.06998495687569699, 0.056668747325966815, 0.04813265507111683, 0.0413769712814626, 0.043967100008876714, 0.044246184284036975, 0.04682392816261036, 0.04819312970167899, 0.04801806188561625, 0.04690235217495324, 0.047367063594484435, 0.04837764876459494, 0.049158956755894004, 0.0486093208444613, 0.049884834621790206, 0.05050369581697136, 0.04835498565044676, 0.049900239756782656, 0.04990333072596217], "ČSSD": [0.04501244635302041, 0.04136570762080824, 0.03058995449152124, 0.030719777679971055, 0.03516338905038846, 0.045975591661362496, 0.046457296398630644, 0.04843550736194272, 0.04597059491573205, 0.04411485028268127, 0.04293525054000753, 0.04118737283878262, 0.04058706482054187, 0.040061125077839585, 0.03929825744926617, 0.0423307202206233, 0.04111732579350076, 0.04097316674890326, 0.047065050542227455, 0.04715598695161058], "KDU-ČSL": [0.06015102658571568, 0.04391504013109796, 0.04921417953358431, 0.043875288010238406, 0.04349645946341053, 0.04212284035963871, 0.04147824567560674, 0.042378044441108986, 0.041079521964902214, 0.03956597431463759, 0.03975594688746029, 0.04044977437006525, 0.041467226483599184, 0.04194205324351619, 0.04378646941047249, 0.04631760837380212, 0.04463174803972842, 0.04625999732894232, 0.03807037745061077, 0.037975244943279175], "KSČM": [0.03556188477383834, 0.03475803640132093, 0.02217738971607223, 0.023757809952763977, 0.023797473573181002, 0.026522992105160986, 0.026470116703220335, 0.026938970838963537, 0.027070981873753296, 0.02772341805374876, 0.027130136371231562, 0.025759106368888153, 0.022417957321785954, 0.022634319071057354, 0.022541034669717245, 0.02333773440067881, 0.02446277222694029, 0.032886964330162013, 0.02770927841236162, 0.02793517396951885], "Přísaha": [0.04122782456430476, 0.030637108805531683, 0.030745322707033562, 0.031465103636357766, 0.02921856404339082, 0.02684235313610555, 0.025991091345877536, 0.026100279191441273, 0.030385683276792183, 0.03163861119518327, 0.03190950105494613, 0.03177380391255248, 0.03187142218807166, 0.031459055288342065, 0.03135450430133617, 0.026071884956690095, 0.024720621086637636, 0.013109529603594733, 0.02427891436385581, 0.02430125646533052]}, "lo": {"ANO": [0.2184373642054495, 0.21912885003800736, 0.20930587954049046, 0.22153845505082875, 0.2242087706955499, 0.23105139919118772, 0.23280881852217794, 0.23629559634973912, 0.24491460237180712, 0.24552939630115267, 0.24625487077368097, 0.24575960872189667, 0.24589238863781293, 0.2460634958228453, 0.24408653638861177, 0.24298758508275708, 0.23978890316148904, 0.247333434729977, 0.25165272441881303, 0.2538210176460856], "ODS": [0.1001103278708945, 0.10997633794610781, 0.16682542744899587, 0.17324105323101013, 0.17257994670429405, 0.1480524460689968, 0.14826816767120624, 0.1361541071339937, 0.12282146811858854, 0.12110537177294875, 0.12272044799966303, 0.12389353114447926, 0.12130166932836184, 0.12284641285042913, 0.12431849704313438, 0.12225779281304791, 0.12866608060744406, 0.11561920321788752, 0.13486156987105635, 0.1333461889457995], "Piráti": [0.05835212762652789, 0.050357309977208636, 0.043748495292184775, 0.044436892910446085, 0.04308055389853013, 0.056247044187608786, 0.056617978996122253, 0.06367318680928369, 0.06440092465586753, 0.06530127991228322, 0.06477625015181916, 0.06349662714181499, 0.06565793828152225, 0.06439652129711673, 0.06455785418061799, 0.07036837179639475, 0.06926011007027624, 0.06471069148385807, 0.0677299161230044, 0.06733190380435516], "SPD": [0.06108210524436175, 0.06120677581275079, 0.07301859918945575, 0.06978551495979247, 0.07506997987371594, 0.0785444136692178, 0.07791280269042321, 0.0816831175448629, 0.08532527355559866, 0.08478776461638918, 0.0865477718136678, 0.08508728370794968, 0.08446924537201562, 0.08436934719977347, 0.08262659106665894, 0.08204633407949592, 0.08075461829652056, 0.08190035469753301, 0.057619517601310885, 0.0575164224948759], "STAN": [0.047142004460049874, 0.07592102329130267, 0.06680157726933861, 0.06093165201927693, 0.055421638778841126, 0.04364922965562487, 0.04229929612221987, 0.035110408431867385, 0.03103372468912389, 0.029669301765968777, 0.027494185177917595, 0.02869193005845106, 0.030783864684688578, 0.031753024322463554, 0.03308549450745058, 0.03122967832527876, 0.033330063510217445, 0.033067784253382006, 0.04115693430945061, 0.04114222238463494], "TOP 09": [0.0419669401072935, 0.0406971538064137, 0.030847340190120698, 0.02393941700095524, 0.017825087920596602, 0.020382964341187637, 0.020103880066027376, 0.022674141335459135, 0.023878942370393084, 0.024054010186455824, 0.022595717323116257, 0.022131005903585063, 0.023694423307477133, 0.02548711789018064, 0.023462751227610774, 0.02476124002428444, 0.024142378829103285, 0.02371708642162531, 0.02474583488929199, 0.024742743920112477], "ČSSD": [0.021911620571046515, 0.017836351581250964, 0.010594086692519943, 0.010464263504070127, 0.013742659855660443, 0.02094847526270443, 0.023040773099438853, 0.02363656471012935, 0.020953472008334875, 0.02023521406738308, 0.018840811236054245, 0.018014686363276584, 0.018614994381517334, 0.016566931550217046, 0.01732979917879046, 0.019445341555438478, 0.018084733408558443, 0.018228892453155947, 0.022433018955842043, 0.02234208254645892], "KDU-ČSL": [0.03251306607837698, 0.02043502421896639, 0.025431895112490333, 0.020474776339825945, 0.020853604886653818, 0.019653221416423068, 0.017723813526452463, 0.01939801733495279, 0.01812253723715699, 0.01706208231341904, 0.016872109740596337, 0.018752284831993954, 0.01773483271846002, 0.019834008532545584, 0.02056359493959186, 0.02318046112426738, 0.01971831631033593, 0.023238072169127176, 0.015983676603443284, 0.016078809110774882],