{"mu": {"ANO": [0.271, 0.2699316438843958, 0.2617367384937326, 0.2726702814792202, 0.2777221846469938, 0.28374995568664907, 0.28456671355656865, 0.2888027009303718, 0.2982041008135989, 0.3001648430759226, 0.299440998784244, 0.2999380731718141, 0.29980949081144326, 0.299645007511256, 0.29905422660603526, 0.2976327827999772, 0.2931738253246496, 0.301511926529745, 0.3115558964823921, 0.3119696544708998, 0.31806867207036577, 0.31340991214257435], "ODS": [0.136, 0.15257192650508639, 0.21412685845852283, 0.2205811202210246, 0.22124198343418663, 0.19428946966337957, 0.19407365427888984, 0.1804478751799764, 0.16546815466193776, 0.16461109347471223, 0.1655702770967611, 0.16697133284359936, 0.16441775194877611, 0.16544867023181223, 0.16655135726387418, 0.1660537863852494, 0.17249821170310659, 0.15764107002923705, 0.1777135140482848, 0.17691048349968866, 0.17534237543677544, 0.180322027186095], "Piráti": [0.095, 0.08349082494248485, 0.07465567206869851, 0.07396732659043767, 0.07274978358429922, 0.08789725679505779, 0.09010030456853423, 0.09848882218969103, 0.10033445398805499, 0.0994339348670794, 0.09995857282896546, 0.09866431565894324, 0.09907623042993749, 0.10033564929829053, 0.10017335649141787, 0.10463608410144047, 0.1057241387166814, 0.09991017054003151, 0.10034027984633004, 0.10058106960381873, 0.0980001173595925, 0.10042351530000306], "SPD": [0.096, 0.0958073808285802, 0.10973554095944628, 0.1052465960513675, 0.11025802365887949, 0.11450530390474553, 0.11513678799283313, 0.11908770683522843, 0.12316387815515766, 0.12369882951494066, 0.12451069112235669, 0.12339493594052271, 0.12400722290265358, 0.12152650613080226, 0.12068924775201276, 0.11864454073737805, 0.11732398974522007, 0.11818801677092186, 0.09166690032344028, 0.09174129081418705, 0.09169620265128138, 0.08933413343234636], "STAN": [0.061, 0.11198116080573246, 0.10308251364756695, 0.09608238011857921, 0.08872231818184595, 0.07475478075941659, 0.07095678141756107, 0.06270203363607507, 0.05648446173176301, 0.05527617797626681, 0.054878253982228384, 0.05625518143306667, 0.05673925459058004, 0.0583462101195804, 0.05958902913179815, 0.0588925638449447, 0.05938146347425399, 0.0623560609335394, 0.06953572750900586, 0.06954663764522313, 0.06955547478775452, 0.06661597040430632], "ČSSD": [0.047, 0.04136570787276235, 0.030589986495448675, 0.030719841038251868, 0.03516347709042648, 0.0459755541861596, 0.046457237844445304, 0.04843529360133235, 0.04597030671152911, 0.044114864403892895, 0.04293561801041697, 0.04118850050992348, 0.040589030569905746, 0.04006447518612908, 0.03930335094057531, 0.042336257937891746, 0.04113150000586498, 0.04105358525624546, 0.046284557447199455, 0.04633009257401125, 0.045248721958085304, 0.04620825112733916], "TOP 09": [0.07200000000000001, 0.06998495470840907, 0.05666872178037936, 0.0481326442075131, 0.041377014747269694, 0.04396713867635672, 0.04424622479539885, 0.046823878087291694, 0.04819274986326551, 0.048017541111866825, 0.04690203286750919, 0.04736648167533391, 0.048376250336491324, 0.04915624187748772, 0.04860641308803404, 0.04987264184668946, 0.05048200544041349, 0.04829144523339779, 0.04880012882836028, 0.04877387337242782, 0.04729503778862869, 0.045821791750984164], "KDU-ČSL": [0.069, 0.04391503940541644, 0.049214147991105794, 0.043875250104172855, 0.04349638451716686, 0.04212270935016933, 0.04147810069956246, 0.04237771574740596, 0.04107867902356607, 0.0395650858493479, 0.03975478127532982, 0.04044802861725138, 0.04146413501374409, 0.041937071581063474, 0.043778153626506854, 0.04628609290782407, 0.044590917191442224, 0.045997867974834655, 0.03746432294591508, 0.03737984570203532, 0.03660026993340349, 0.035267333517100305], "Přísaha": [0.047, 0.030637108412998083, 0.03074531214328152, 0.031465079131972745, 0.029218535151221473, 0.026842341050581333, 0.025991098279938018, 0.026100287276307567, 0.03038502156980842, 0.03163733390211174, 0.031907825983613504, 0.031771722800466716, 0.03186834800666368, 0.03145482192603511, 0.03134918411507666, 0.026072454360656895, 0.02472776540831435, null, 0.02481419121662223, 0.024844207206583212, 0.025555110432722752, 0.027462522914214103], "KSČM": [0.036000000000000004, 0.03475803578725034, 0.022177403228487356, 0.023757829519144232, 0.02379751378199818, 0.026523021020625752, 0.026470153706369782, 0.02693901969298684, 0.02707111694620093, 0.02772346305171012, 0.027130368504786784, 0.025759919484591824, null, 0.02263861834422001, 0.022546646046414206, 0.023351477082733045, 0.024478769150494382, 0.032762005138094435, 0.027764242307864534, 0.027928990766565555, 0.027920894895994985, 0.027331014904062874]}, "lo": {"ANO": [0.21806048906048903, 0.21912884517609327, 0.20930573254873847, 0.22153821272927404, 0.22420831728350815, 0.23105055911386574, 0.2328078038179487, 0.23629382416615324, 0.24491044230094422, 0.24552370261262302, 0.24624754690430162, 0.24575047251673154, 0.24587905487710238, 0.24604353817728963, 0.24406031650850785, 0.2429077577405634, 0.23964470749388328, 0.24675062173280327, 0.25729867237217674, 0.25688491438366906, 0.263655909654216, 0.25801865928599704], "ODS": [0.09566023166023166, 0.10997633604317614, 0.1668255224938581, 0.1732412736013692, 0.17258041038820718, 0.14805287267896278, 0.1482686880634525, 0.13615444142234018, 0.12282013362635053, 0.12110319223957347, 0.1227180111915272, 0.12389095801869152, 0.12129653376550958, 0.12283961805647606, 0.12431093359841669, 0.12223450190303889, 0.12866008945519458, 0.11520320281503577, 0.13374079740602665, 0.13196982538062021, 0.13096393086953084, 0.13628028941622158], "Piráti": [0.06201415701415702, 0.050357308905649004, 0.0437484463354199, 0.04443679181368074, 0.043080332245816616, 0.05624688734908635, 0.056617842149612504, 0.06367333997247114, 0.06440171074810974, 0.06530222986908533, 0.06477759190719927, 0.06349784650321894, 0.06565993430622724, 0.0644005154378742, 0.06456280824474686, 0.07039609093073455, 0.06930803631549362, 0.06482599419613322, 0.06439588488983469, 0.06672909770634859, 0.06416204480256966, 0.06431264943616168], "SPD": [0.06101415701415702, 0.06120677618557682, 0.07301864179473648, 0.06978557898080752, 0.07507016166930583, 0.07854488914544752, 0.07791340505735993, 0.08168449393697233, 0.08533033033905084, 0.08479537897926784, 0.0865575199458544, 0.08509927255368578, 0.08448698559155492, 0.08439369978940364, 0.08265695559419059, 0.0821276600348227, 0.08087420845297813, 0.08001018142727634, 0.057625248968709006, 0.057550858477962236, 0.05759594664086791, 0.05738401328580037], "STAN": [0.034238095238095234, 0.07592102709645544, 0.06680165623660293, 0.06093177689557781, 0.05542182596229819, 0.043649337644701816, 0.042299331838552195, 0.035110064176022734, 0.0310316257843245, 0.029665906965818126, 0.02748982838585398, 0.02868690350901827, 0.030776832925507473, 0.03174387997050969, 0.03307506353229451, 0.031197526245145386, 0.03328262918983867, 0.0354560368785584, 0.04114638317310483, 0.041135473036887554, 0.04112663589435617, 0.03891813512979922], "ČSSD": [0.022498069498069498, 0.017836351329296854, 0.010594054688592508, 0.010464200145789315, 0.013742571815622426, 0.02094851273790732, 0.023040831653624194, 0.023636778470739722, 0.020953760212537816, 0.020235199946171456, 0.01884044376564481, 0.018013558692135723, 0.018613028632153458, 0.01656358144192755, 0.017324705687481318, 0.019439803838170032, 0.018070559196194227, 0.018148473945813745, 0.023213512050870043, 0.023167976924058246, 0.02167534496598162, 0.02328981837073034], "TOP 09": [0.04125611325611325, 0.04069715597370162, 0.030847365735708156, 0.023939427864558972, 0.01782504445478951, 0.020382925673707628, 0.0201038395546655, 0.022674191410777804, 0.023879322208806564, 0.024054530960205246, 0.022596036630560305, 0.02213158782273559, 0.023695821735580748, 0.025489832768586927, 0.023465658984038032, 0.024773432799385188, 0.024164069205661158, 0.023780626838674282, 0.02327194324371179, 0.02329819869964425, 0.02220303170944081, 0.02110227517308276],