{"mu": {"ANO": [0.271, 0.26993164438387096, 0.2617367546763647, 0.2726703056506427, 0.27772222696117865, 0.2837500258779523, 0.2845667967624878, 0.28880282993324635, 0.298204273924126, 0.30016502542219486, 0.29944126052793235, 0.2999383765703006, 0.299809942361778, 0.29964569990006074, 0.2990552125450267, 0.2976362946113235, 0.2931825248907917, 0.30152578370889555, 0.31128641636657794, 0.31167606002157816, 0.3168638075164811, 0.31226332198788054, 0.30902155037513945], "ODS": [0.136, 0.15257192675331274, 0.21412684195286208, 0.22058108240388036, 0.22124190394604837, 0.1942893894325102, 0.19407355624911193, 0.18044779196820596, 0.16546827010069196, 0.164611296704314, 0.16557048566876276, 0.16697151437388666, 0.1644182375785832, 0.1654492587087867, 0.1665519291241043, 0.16605566746970382, 0.17249637396955836, 0.157690168738933, 0.17739645006403054, 0.17661938160846744, 0.17484983581510177, 0.17891474319222972, 0.17493590796178438], "Piráti": [0.095, 0.08349082532005245, 0.07465568528925187, 0.07396735353038686, 0.0727498413679788, 0.08789732980292202, 0.09010038560162963, 0.0984889138701015, 0.10033470019649914, 0.09943433334072134, 0.09995904562616088, 0.09866499508983764, 0.09907718074745492, 0.10033689887767747, 0.10017498596337196, 0.10463864097742254, 0.10572728412414155, 0.099950254722781, 0.10073734262984628, 0.10097783901246186, 0.09910644500836628, 0.10172915356202551, 0.10542060428398234], "SPD": [0.096, 0.09580738074586624, 0.109735533577363, 0.10524658465219881, 0.1102579922340111, 0.11450522296095123, 0.1151366856338927, 0.11908747516711007, 0.12316303337858399, 0.12369755864492828, 0.12450906619816039, 0.1233929343365161, 0.12400426443127273, 0.12152242982258263, 0.1206841588049618, 0.11863088643339316, 0.11730388968221749, 0.11807603335038198, 0.09159838238795764, 0.09166793949959397, 0.09153982146429236, 0.08942491631305524, 0.08968158811893119], "STAN": [0.061, 0.11198116006536984, 0.10308249753254359, 0.09608235314146664, 0.08872227362690399, 0.07475473202270456, 0.07095673680070164, 0.06270201211581387, 0.05648455128233846, 0.055276356123812, 0.05487849513790394, 0.0562554058875726, 0.05673953826037576, 0.058346423950991176, 0.059589097279737276, 0.05889309173855081, 0.059381918481859135, 0.06234670093618725, 0.0691437614429765, 0.06914448860985485, 0.06867450900903466, 0.06571396258297359, 0.06316370228490938], "ČSSD": [0.047, 0.04136570806695425, 0.030589995626019405, 0.03071985919139419, 0.03516350786144995, 0.04597558399492627, 0.04645727263123202, 0.048435345885728204, 0.045970536723029025, 0.04411527491050719, 0.042936186057754476, 0.0411893283346202, 0.04059028425771055, 0.04006640631678818, 0.03930595378755894, 0.042342294501203685, 0.04114170194658568, 0.041108990616614216, 0.04664280570124191, 0.04669530963133178, 0.04614773979283676, 0.04740690011784425, 0.05079585846111371], "TOP 09": [0.07200000000000001, 0.06998495442376529, 0.05666871928594256, 0.048132645603647925, 0.04137702812350921, 0.043967158603580976, 0.04424624822521549, 0.046823903383413905, 0.048192795898972525, 0.048017615875518505, 0.046902178734241746, 0.04736663952144685, 0.048376391595215174, 0.04915635097356566, 0.048606644175158205, 0.049872702555882054, 0.050481650867753705, 0.04829823286264105, 0.04884944953120601, 0.048825523561619226, 0.047544421434536306, 0.046391440085159934, 0.04800201539964044], "KDU-ČSL": [0.069, 0.04391503949208394, 0.0492141482850539, 0.04387525468336266, 0.0434963946057749, 0.042122735369752556, 0.04147813540139402, 0.042377776454847076, 0.04107890627452061, 0.03956547937694713, 0.039755263667981496, 0.040448601137115625, 0.04146487759458771, 0.04193811410005534, 0.043779185344423495, 0.046287863256208185, 0.04459489621889218, 0.04601376737056982, 0.037979601933833256, 0.03791146563627101, 0.03783565633700564, 0.037275955016980715, 0.042954960834706984], "Přísaha": [0.047, 0.030637108332709294, 0.030745309994246295, 0.03146507429833464, 0.029218528607300207, 0.026842334965120177, 0.02599109424410934, 0.026100278513104452, 0.030384884398273485, 0.031637083591084934, 0.03190750073096803, 0.031771316921338416, 0.031867750492098335, 0.031453987331692045, 0.03134813128178339, 0.02607194314220223, 0.02472796566942173, null, 0.02482182888640521, 0.024850769927817453, 0.025503932097213373, 0.027126787596023078, 0.026177558074514648], "KSČM": [0.036000000000000004, 0.034758035648267585, 0.022177404284280274, 0.02375783044785716, 0.02379751564733173, 0.026523015989914824, 0.026470147719790445, 0.026939004249726, 0.027071064189069533, 0.027723360342875068, 0.027130268197107694, 0.025759873937030726, null, 0.022638923665698172, 0.02254705286604263, 0.023352262902036097, 0.02447915257813477, 0.03273116877622209, 0.027650618131634424, 0.0278056079740945, 0.027651603363782827, 0.027013209117969984, 0.026114672032592736]}, "lo": {"ANO": [0.21806048906048903, 0.21912884467661808, 0.20930571636610634, 0.2215381885578515, 0.22420827496932327, 0.23105048892256252, 0.23280772061202953, 0.2362936951632787, 0.24491026919041708, 0.24552352026635077, 0.24624728516061328, 0.24575016911824504, 0.24587860332676764, 0.2460428457884849, 0.2440593305695164, 0.24290424592921706, 0.23963600792774115, 0.24673676455365273, 0.2575681524879909, 0.2571785088329907, 0.262286771634098, 0.2565912468666883, 0.25468501333142424], "ODS": [0.09566023166023166, 0.10997633579494978, 0.16682553899951885, 0.17324131141851346, 0.17258048987634544, 0.14805295290983214, 0.1482687860932304, 0.13615452463411062, 0.12282001818759633, 0.12110298900997171, 0.12271780261952553, 0.12389077648840421, 0.1212960481357025, 0.12283902957950157, 0.12431036173818658, 0.12223262081858446, 0.1286619271887428, 0.11515410410533983, 0.13405786139028092, 0.13226092727184144, 0.1314564704912045, 0.13511357083608433, 0.1313703983445219], "Piráti": [0.06201415701415702, 0.0503573085280814, 0.043748433114866536, 0.04443676487373155, 0.04308027446213704, 0.056246814341222126, 0.056617761116517104, 0.06367324829206067, 0.0644014645396656, 0.06530183139544339, 0.06477711911000385, 0.06349716707232453, 0.06565898398870981, 0.06439926585848726, 0.06456117877279277, 0.07039353405475249, 0.06930489090803348, 0.06478591001338373, 0.06657282468032104, 0.06633232829770545, 0.06562971972779845, 0.0655810137481418, 0.06961157074819269], "SPD": [0.06101415701415702, 0.06120677626829078, 0.07301864917681976, 0.06978559037997621, 0.07507019309417422, 0.07854497008924183, 0.07791350741630035, 0.08168472560509069, 0.0853311751156245, 0.08479664984928022, 0.08655914487005069, 0.08510127415769239, 0.08448994406293577, 0.08439777609762328, 0.08266204454124154, 0.0821413143388076, 0.08089430851598071, 0.08012216484781622, 0.057693766904191646, 0.05762420979255532, 0.05775232782785693, 0.05729323040509149, 0.05703655859921554], "STAN": [0.034238095238095234, 0.07592102783681806, 0.06680167235162629, 0.060931803872690385, 0.05542187051724015, 0.04364938638141384, 0.042299376455411625, 0.03511008569628393, 0.031031536233749053, 0.029665728818272938, 0.027489587230178428, 0.02868667905451234, 0.03077654925571175, 0.03174366613909891, 0.033074995384355384, 0.031196998351539273, 0.033282174182233525, 0.035465396875910556, 0.03896434666513161, 0.03896361949825326, 0.03943359909907346, 0.037246140377129366, 0.03464839552718843], "ČSSD": [0.022498069498069498, 0.017836351135104955, 0.010594045558021778, 0.010464181992646992, 0.013742541044598953, 0.020948482929140658, 0.02304079686683748, 0.023636726186343868, 0.0209535302010379, 0.020234789439557158, 0.0188398757183073, 0.018012730867439007, 0.018611774944348652, 0.016561650311268453, 0.01732210284049769, 0.019433767274858092, 0.018060357255473523, 0.018093068585444988, 0.02285526379682759, 0.022802759866737715, 0.023350329705232736, 0.022091169380225248, 0.02642421875896351],