{"mu": {"ANO": [0.271, 0.26993163902248163, 0.2617365915019806, 0.2726700391576654, 0.27772173123495203, 0.2837491156093271, 0.28456569885233945, 0.2888009287467861, 0.298199940742736, 0.30015914938739297, 0.2994336749148646, 0.2999289369666489, 0.29979615705073276, 0.2996250498657003, 0.2990280067259314, 0.2975529554577835, 0.2930296296570438, 0.3009291135325713, 0.3069058341397455, 0.30731154348647555], "ODS": [0.136, 0.15257192460215466, 0.2141269535033851, 0.22058134059138362, 0.22124244711809976, 0.19428989627334553, 0.19407417467113613, 0.18044820946832296, 0.16546682016969974, 0.16460891394133698, 0.16556784028862523, 0.16696875971781155, 0.16441261638592392, 0.16544187543785915, 0.1665437938191565, 0.16603049547524037, 0.1724922205508571, 0.1572250696263853, 0.1791667441572577, 0.17810812250851196], "Piráti": [0.095, 0.08349082387092518, 0.07465562311193365, 0.07396722549367231, 0.0727495619315857, 0.08789709995653536, 0.09010016772202449, 0.09848897535287852, 0.1003352400802972, 0.09943488482388152, 0.09995991458434554, 0.09866553502034717, 0.09907822645464251, 0.100339643439048, 0.10017831055554674, 0.10466380323578027, 0.10577206496189878, 0.10002547325230667, 0.10215425376116548, 0.10255226607981471], "SPD": [0.096, 0.09580738120140621, 0.10973558356472703, 0.10524666007238254, 0.11025820545446938, 0.11450577938097524, 0.11513739035976986, 0.1190890832273379, 0.12316893493860984, 0.12370644387781932, 0.12452043925454326, 0.12340692478625878, 0.12402496312219292, 0.12155085872043243, 0.1207196122795444, 0.11872586669270482, 0.11744357990167764, 0.11887184607466775, 0.0916726316908384, 0.09177572679727339], "STAN": [0.061, 0.1119811646108852, 0.10308259261483128, 0.09608250499488007, 0.08872250536530302, 0.07475488874849354, 0.0709568171338934, 0.06270168938023046, 0.056482362826963624, 0.05527278317611617, 0.05487389719016475, 0.056250154883633885, 0.05673222283139895, 0.05833706576762653, 0.05957859815664208, 0.05886041176481132, 0.059334029153875215, 0.06217031098471323, 0.06952517637266008, 0.06953988829747575], "TOP 09": [0.07200000000000001, 0.06998495687569696, 0.05666874732596682, 0.048132655071116824, 0.0413769712814626, 0.043967100008876714, 0.04424618428403698, 0.04682392816261038, 0.04819312970167899, 0.04801806188561625, 0.046902352174953234, 0.04736706359448443, 0.04837764876459495, 0.049158956755894004, 0.0486093208444613, 0.0498848346217902, 0.05050369581697136, 0.04835498565044676, 0.049900239756782656, 0.04990333072596217], "ČSSD": [0.047, 0.041365707620808226, 0.030589954491521246, 0.03071977767997105, 0.03516338905038846, 0.04597559166136249, 0.04645729639863065, 0.048435507361942735, 0.04597059491573205, 0.04411485028268127, 0.042935250540007526, 0.04118737283878261, 0.040587064820541884, 0.040061125077839585, 0.03929825744926617, 0.0423307202206233, 0.04111732579350076, 0.04097316674890326, 0.047065050542227455, 0.04715598695161058], "KDU-ČSL": [0.069, 0.04391504013109795, 0.04921417953358432, 0.0438752880102384, 0.04349645946341053, 0.04212284035963871, 0.04147824567560675, 0.042378044441109, 0.041079521964902214, 0.03956597431463759, 0.03975594688746028, 0.040449774370065236, 0.0414672264835992, 0.04194205324351619, 0.04378646941047249, 0.04631760837380212, 0.04463174803972842, 0.04625999732894232, 0.03807037745061077, 0.037975244943279175], "KSČM": [0.036000000000000004, 0.03475803640132091, 0.022177389716072235, 0.023757809952763973, 0.023797473573181002, 0.02652299210516098, 0.026470116703220338, 0.026938970838963548, 0.027070981873753296, 0.02772341805374876, 0.02713013637123155, 0.025759106368888146, null, 0.022634319071057354, 0.022541034669717245, 0.02333773440067881, 0.02446277222694029, 0.032886964330162013, 0.02770927841236162, 0.02793517396951885], "Přísaha": [0.047, 0.030637108805531676, 0.030745322707033566, 0.03146510363635776, 0.02921856404339082, 0.02684235313610555, 0.025991091345877546, 0.026100279191441287, 0.030385683276792183, 0.03163861119518327, 0.03190950105494613, 0.031773803912552474, 0.031871422188071666, 0.031459055288342065, 0.03135450430133617, 0.026071884956690095, 0.024720621086637636, null, 0.02427891436385581, 0.02430125646533052]}, "lo": {"ANO": [0.21806048906048903, 0.21912885003800742, 0.20930587954049046, 0.2215384550508288, 0.2242087706955499, 0.23105139919118772, 0.23280881852217788, 0.23629559634973896, 0.24491460237180712, 0.24552939630115267, 0.24625487077368102, 0.24575960872189673, 0.24589238863781288, 0.2460634958228453, 0.24408653638861172, 0.24298758508275708, 0.23978890316148904, 0.247333434729977, 0.25165272441881303, 0.2538210176460856], "ODS": [0.09566023166023166, 0.10997633794610787, 0.16682542744899584, 0.1732410532310102, 0.17257994670429405, 0.1480524460689968, 0.1482681676712062, 0.13615410713399362, 0.12282146811858854, 0.12110537177294872, 0.12272044799966306, 0.12389353114447932, 0.12130166932836178, 0.12284641285042913, 0.12431849704313438, 0.12225779281304791, 0.12866608060744406, 0.11561920321788752, 0.13486156987105635, 0.1333461889457995], "Piráti": [0.06201415701415702, 0.050357309977208664, 0.04374849529218476, 0.0444368929104461, 0.04308055389853013, 0.056247044187608786, 0.05661797899612224, 0.06367318680928365, 0.06440092465586753, 0.06530127991228321, 0.06477625015181919, 0.063496627141815, 0.06565793828152222, 0.06439652129711673, 0.06455785418061799, 0.07036837179639475, 0.06926011007027624, 0.06471069148385807, 0.0677299161230044, 0.06733190380435516], "SPD": [0.06101415701415702, 0.061206775812750816, 0.07301859918945573, 0.06978551495979249, 0.07506997987371594, 0.07854441366921781, 0.0779128026904232, 0.08168311754486286, 0.08532527355559866, 0.08478776461638918, 0.08654777181366782, 0.08508728370794971, 0.08446924537201557, 0.08436934719977347, 0.08262659106665894, 0.08204633407949594, 0.08075461829652056, 0.08190035469753301, 0.057619517601310885, 0.0575164224948759], "STAN": [0.034238095238095234, 0.07592102329130271, 0.0668015772693386, 0.06093165201927696, 0.055421638778841126, 0.04364922965562487, 0.04229929612221986, 0.03511040843186734, 0.03103372468912389, 0.02966930176596877, 0.027494185177917616, 0.028691930058451054, 0.030783864684688564, 0.031753024322463554, 0.03308549450745058, 0.031229678325278766, 0.033330063510217445, 0.033067784253382006, 0.04115693430945061, 0.04114222238463494], "TOP 09": [0.04125611325611325, 0.04069715380641373, 0.03084734019012069, 0.023939417000955247, 0.017825087920596602, 0.020382964341187637, 0.02010388006602737, 0.02267414133545912, 0.023878942370393084, 0.024054010186455824, 0.022595717323116264, 0.02213100590358507, 0.02369442330747712, 0.02548711789018064, 0.023462751227610774, 0.024761240024284446, 0.024142378829103285, 0.02371708642162531, 0.02474583488929199, 0.024742743920112477], "ČSSD": [0.022498069498069498, 0.017836351581250978, 0.010594086692519936, 0.010464263504070134, 0.013742659855660443, 0.020948475262704436, 0.023040773099438847, 0.023636564710129336, 0.020953472008334875, 0.02023521406738308, 0.01884081123605425, 0.01801468636327659, 0.01861499438151732, 0.016566931550217046, 0.01732979917879046, 0.019445341555438478, 0.018084733408558443, 0.018228892453155947, 0.022433018955842043, 0.02234208254645892], "KDU-ČSL": [0.03910810810810811, 0.020435024218966404, 0.025431895112490326, 0.020474776339825952, 0.020853604886653818, 0.019653221416423068, 0.017723813526452456, 0.019398017334952777, 0.01812253723715699, 0.01706208231341904, 0.01687210974059635, 0.018752284831993968, 0.017734832718460006, 0.019834008532545584, 0.02056359493959186, 0.02318046112426738, 0.01971831631033593, 0.023238072169127176, 0.015983676603443284, 0.016078809110774882],