{"mu": {"ANO": [0.33799999999999997, 0.26958724175176735, 0.27031767512536314, 0.27126670238968653, 0.264009646041327], "SPOLU": [0.15, 0.20997615535283912, 0.20929558233847054, 0.20713266197641378, 0.21834854822352145], "Piráti": [0.114, 0.10930358847781288, 0.10868351515207582, 0.10695321469572817, 0.11688223655661424], "STAN": [0.073, 0.1116333094589602, 0.10820839946593194, 0.10528536454089892, 0.08811916528583931], "SPD+Trikolóra": [0.147, 0.0949004744654348, 0.09721506106679459, 0.09831605560786301, 0.08466243065082481], "Stačilo!": [0.054000000000000006, 0.0660350996242636, 0.0669072418741336, 0.0675239339074559, 0.07422212608096752], "Přísaha+Motoristé": [null, 0.04952817955072771, 0.04985512835834578, 0.05437406252354911, 0.0668330212626045], "SOCDEM": [0.036000000000000004, 0.02943381222188135, 0.029794966332118145, 0.03149504416185251, 0.03467938876671309]}, "lo": {"ANO": [0.25058858858858857, 0.19287522071069513, 0.19214478733709933, 0.19119576007277594, 0.18644080440912347], "SPOLU": [0.08423423423423423, 0.1383721929955092, 0.1390527660098778, 0.13520968036592856, 0.1420118121368389], "Piráti": [0.06017417417417416, 0.05285857368434929, 0.05347864701008635, 0.055208947466434, 0.06329794362356593], "STAN": [0.02910210210210211, 0.05653485870920798, 0.05395376269623023, 0.050870791615257246, 0.038006960840286805], "SPD+Trikolóra": [0.08723423423423424, 0.04323766367270333, 0.046929083077349554, 0.045828088536281134, 0.03545768946929531], "Stačilo!": [0.012066066066066056, 0.024054990465826487, 0.02318284821595648, 0.02256615618263419, 0.02787997602113458], "Přísaha+Motoristé": [null, 0.010531880509332348, 0.010204931701714277, 0.017698009548522964, 0.023257068827485586], "SOCDEM": [0.006042042042042041, 0.0005962178081486795, 0.00023506369791188517, 0.004540991874183525, 0.0013566472693229484]}, "hi": {"ANO": [0.4247627627627628, 0.3490313768668513, 0.3483009434932555, 0.3533579222349381, 0.3425969605652796], "SPOLU": [0.21636636636636639, 0.2825163371396534, 0.28319691015402193, 0.27935382451007273, 0.2921619622869891], "Piráti": [0.1742882882882883, 0.1669726877984634, 0.16759276112420046, 0.16331705557454212, 0.17741205773768004], "STAN": [0.1191921921921922, 0.1706489728233221, 0.16806787681034432, 0.15897889972336532, 0.1401090629423889], "SPD+Trikolóra": [0.21336036036036035, 0.15134577178081143, 0.14903118517945166, 0.15393619664438923, 0.13755979157139742], "Stačilo!": [0.09615015015015015, 0.11414508055591657, 0.11327293830604657, 0.11265624627272428, 0.12397607211723068], "Přísaha+Motoristé": [null, 0.08860995858741041, 0.08828300977979235, 0.09577608762660104, 0.11334715891757567], "SOCDEM": [0.07210810810810811, 0.060656277868208736, 0.06029512375797194, 0.06460105193424359, 0.06742271333538902]}, "allvalues": {"ANO": [0.33799999999999997, 0.263, 0.273, 0.275, 0.261], "SPOLU": [0.15, 0.21600000000000003, 0.209, 0.2, 0.223], "Piráti": [0.114, 0.113, 0.10800000000000001, 0.10099999999999999, 0.121], "STAN": [0.073, 0.134, 0.09300000000000001, 0.10400000000000001, 0.081], "SPD+Trikolóra": [0.147, 0.079, 0.109, 0.10400000000000001, 0.079], "Stačilo!": [0.054000000000000006, 0.061, 0.071, 0.067, 0.077], "Přísaha+Motoristé": [null, 0.049, 0.044000000000000004, 0.06, 0.07200000000000001], "SOCDEM": [0.036000000000000004, 0.027000000000000003, 0.028999999999999998, 0.034, 0.036000000000000004]}, "middle_dates": ["2023-11-25", "2024-03-09", "2024-03-15", "2024-04-02", "2024-05-23"], "choices": [{"id": "SPOLU", "name": "Koalice ODS, KDU-ČSL, TOP 09", "abbreviation": "SPOLU", "color": "#004494", "needs": 0.05, "mps": 8.0}, {"id": "ANO", "name": "Hnutí ANO", "abbreviation": "ANO", "color": "#261060", "needs": 0.05, "mps": 6.0}, {"id": "SOCDEM", "name": "Česká strana sociálně demokratická", "abbreviation": "SOCDEM", "color": "#F07D00", "needs": 0.05, "mps": 0.0}, {"id": "jiné strany", "name": "Jiné strany", "abbreviation": "Jiné", "color": 0, "needs": 0.0, "mps": 0.0}, {"id": "STAN", "name": "Starostové a nezávislí", "abbreviation": "STAN", "color": "#CE0F68", "needs": 0.05, "mps": 1.0}, {"id": "Piráti", "name": "Česká pirátská strana", "abbreviation": "Piráti", "color": "#000000", "needs": 0.05, "mps": 3.0}, {"id": "Zelení", "name": "Strana zelených", "abbreviation": "Zelení", "color": "#06B15D", "needs": 0.05, "mps": 0.0}, {"id": "PRO", "name": "PRO 2022", "abbreviation": "PRO", "color": "#0A9EC2", "needs": 0.05, "mps": 0.0}, {"id": "SPD+Trikolóra", "name": "Svoboda a přímá demokracie - Tomio Okamura", "abbreviation": "SPD", "color": "#EA2329", "needs": 0.05, "mps": 2.0}, {"id": "Stačilo!", "name": "Koalice KSČM", "abbreviation": "Stačilo!", "color": "#8C0000", "needs": 0.05, "mps": 1.0}, {"id": "Svobodní", "name": "Strana svobodných občanů", "abbreviation": "Svobodní", "color": "#008C72", "needs": 0.05, "mps": 0.0}, {"id": "Přísaha+Motoristé", "name": "Koalice Přísaha a Motoristé", "abbreviation": "Přísaha a Motor.", "color": "#0033FF", "needs": 0.05, "mps": 0.0}], "election_date": "2024-06-08"}