{"mu": {"ANO": [0.33799999999999997, 0.26989394535215544, 0.27070817491392984, 0.2721990227324902], "SPOLU": [0.15, 0.20951099317857547, 0.2087212360420763, 0.20569174731228626], "STAN": [0.073, 0.1127274147112005, 0.10934869187747599, 0.10749072109400487], "Piráti": [0.114, 0.10888583716380833, 0.10816733652765617, 0.10567762461888668], "SPD+Trikolóra": [0.147, 0.09546837891105311, 0.09797844650357064, 0.1000701486849185], "Stačilo!": [0.054000000000000006, 0.06564347510496517, 0.06648425868775083, 0.06666341133141372], "Přísaha+Motoristé": [null, 0.04872557163094389, 0.04892704623726352, 0.052773449254892434], "SOCDEM": [0.036000000000000004, 0.029199292979196833, 0.029534916018841888, 0.03108594864004636]}, "lo": {"ANO": [0.25058858858858857, 0.19256851711030704, 0.19175428754853263, 0.19026343972997228], "SPOLU": [0.08423423423423423, 0.13883735516977286, 0.13362110630026605, 0.13665059503005608], "STAN": [0.02910210210210211, 0.05544075345696768, 0.05281347028468618, 0.0546714410681573], "Piráti": [0.06017417417417416, 0.053276324998353844, 0.053994825634506, 0.050478531537269486], "SPD+Trikolóra": [0.08723423423423424, 0.04266975922708502, 0.0461656976405735, 0.05008000146523166], "Stačilo!": [0.012066066066066056, 0.024446614985124918, 0.023605831402339253, 0.023426678758676364], "Přísaha+Motoristé": [null, 0.01133448842911617, 0.011133013822796536, 0.013292616811173628], "SOCDEM": [0.006042042042042041, 0.0008307370508331968, 0.000495114011188142, -0.0010559186100163286]}, "hi": {"ANO": [0.4247627627627628, 0.3487246732664632, 0.3539164497106948, 0.35242560189213445], "SPOLU": [0.21636636636636639, 0.28298149931391703, 0.28377125645041623, 0.2807947391742003], "STAN": [0.1191921921921922, 0.1695548675710818, 0.1669275843988003, 0.16277954917626541], "Piráti": [0.1742882882882883, 0.16739043911246793, 0.1681089397486201, 0.1645926456513836], "SPD+Trikolóra": [0.21336036036036035, 0.15077786733519313, 0.1542738057486816, 0.15818810957333979], "Stačilo!": [0.09615015015015015, 0.114536705075215, 0.11369592149242934, 0.11351676884876645], "Přísaha+Motoristé": [null, 0.08941256650719424, 0.08921109190087462, 0.09737670089525771], "SOCDEM": [0.07210810810810811, 0.06089079711089325, 0.0605551740712482, 0.06501014745604974]}, "allvalues": {"ANO": [0.33799999999999997, 0.263, 0.273, 0.275], "SPOLU": [0.15, 0.21600000000000003, 0.209, 0.2], "STAN": [0.073, 0.134, 0.09300000000000001, 0.10400000000000001], "Piráti": [0.114, 0.113, 0.10800000000000001, 0.10099999999999999], "SPD+Trikolóra": [0.147, 0.079, 0.109, 0.10400000000000001], "Stačilo!": [0.054000000000000006, 0.061, 0.071, 0.067], "Přísaha+Motoristé": [null, 0.049, 0.044000000000000004, 0.06], "SOCDEM": [0.036000000000000004, 0.027000000000000003, 0.028999999999999998, 0.034]}, "middle_dates": ["2023-11-25", "2024-03-09", "2024-03-15", "2024-04-02"], "choices": [{"id": "SPOLU", "name": "Koalice ODS, KDU-ČSL, TOP 09", "abbreviation": "SPOLU", "color": "#004494", "needs": 0.05, "mps": 8.0}, {"id": "ANO", "name": "Hnutí ANO", "abbreviation": "ANO", "color": "#261060", "needs": 0.05, "mps": 6.0}, {"id": "SOCDEM", "name": "Česká strana sociálně demokratická", "abbreviation": "SOCDEM", "color": "#F07D00", "needs": 0.05, "mps": 0.0}, {"id": "jiné strany", "name": "Jiné strany", "abbreviation": "Jiné", "color": 0, "needs": 0.0, "mps": 0.0}, {"id": "STAN", "name": "Starostové a nezávislí", "abbreviation": "STAN", "color": "#CE0F68", "needs": 0.05, "mps": 1.0}, {"id": "Piráti", "name": "Česká pirátská strana", "abbreviation": "Piráti", "color": "#000000", "needs": 0.05, "mps": 3.0}, {"id": "Zelení", "name": "Strana zelených", "abbreviation": "Zelení", "color": "#06B15D", "needs": 0.05, "mps": 0.0}, {"id": "PRO", "name": "PRO 2022", "abbreviation": "PRO", "color": "#0A9EC2", "needs": 0.05, "mps": 0.0}, {"id": "SPD+Trikolóra", "name": "Svoboda a přímá demokracie - Tomio Okamura", "abbreviation": "SPD", "color": "#EA2329", "needs": 0.05, "mps": 2.0}, {"id": "Stačilo!", "name": "Koalice KSČM", "abbreviation": "Stačilo!", "color": "#8C0000", "needs": 0.05, "mps": 1.0}, {"id": "Svobodní", "name": "Strana svobodných občanů", "abbreviation": "Svobodní", "color": "#008C72", "needs": 0.05, "mps": 0.0}, {"id": "Přísaha+Motoristé", "name": "Koalice Přísaha a Motoristé", "abbreviation": "Přísaha a Motor.", "color": "#0033FF", "needs": 0.05, "mps": 0.0}], "election_date": "2024-06-08"}