{"mu": {"ANO": [0.33799999999999997, 0.2683417451541069, 0.26884529932018536, 0.26826601018648866, 0.250334588314218, 0.24979773039604256], "SPOLU": [0.15, 0.21013831209509776, 0.2095092024602271, 0.20771893943312805, 0.21696132976618526, 0.21690687009018814], "Piráti": [0.114, 0.10880962812937106, 0.1081336440730778, 0.10598793549387886, 0.10740270728673652, 0.10703055819232929], "STAN": [0.073, 0.11135464850602508, 0.1080133543282709, 0.10511505817975282, 0.09428391705230611, 0.09452593400502825], "SPD+Trikolóra": [0.147, 0.09490368689288631, 0.09713211103703466, 0.09806894169941358, 0.08894502300067844, 0.08911314979467207], "Stačilo!": [0.054000000000000006, 0.06651812799468225, 0.06743499017121851, 0.06852817622316222, 0.07703002705009011, 0.07714026014005637], "Přísaha+Motoristé": [null, 0.049446576438254355, 0.049748208966441214, 0.053824544171979925, 0.05861670442208036, 0.05829414675233614], "SOCDEM": [0.036000000000000004, 0.02941980988271825, 0.029765196281126838, 0.0313091123840116, 0.03232656228859029, 0.03223419459625001]}, "lo": {"ANO": [0.25058858858858857, 0.18811471130234952, 0.18761115713627108, 0.18819044626996778, 0.1760918381122084, 0.17062269002437788], "SPOLU": [0.08423423423423423, 0.13821003625325057, 0.1388391458881212, 0.1346234029092143, 0.14339903059417508, 0.1434534902701722], "Piráti": [0.06017417417417416, 0.05335253403279111, 0.054028518089084376, 0.0501682206622773, 0.05475945487542565, 0.05513160396983288], "STAN": [0.02910210210210211, 0.0568135196621431, 0.05414880783389127, 0.05104109797640334, 0.04385422108583202, 0.043612204133109886], "SPD+Trikolóra": [0.08723423423423424, 0.043234451245251826, 0.04701203310710948, 0.04607520244473057, 0.03718110312544767, 0.03701297633145405], "Stačilo!": [0.012066066066066056, 0.023571962095407836, 0.022655099918871574, 0.027567919872933874, 0.031078081058018, 0.030967847968051743], "Přísaha+Motoristé": [null, 0.010613483621805704, 0.010311851093618846, 0.012241521894086137, 0.01946137365599772, 0.019783931325741938], "SOCDEM": [0.006042042042042041, 0.000610220147311779, 0.000264833748903192, -0.0012790823539815706, 0.003709473747445749, 0.0038018414397860273]}, "hi": {"ANO": [0.4247627627627628, 0.35027687346451175, 0.3497733192984333, 0.35035260843213, 0.32624198826235856, 0.326778846180534], "SPOLU": [0.21636636636636639, 0.28235418039739474, 0.2829832900322654, 0.28477355305936447, 0.2935491807443253, 0.2936036404203224], "Piráti": [0.1742882882882883, 0.1674666481469052, 0.16814263220319847, 0.16428233477639143, 0.16286756298353378, 0.163239712077941], "STAN": [0.1191921921921922, 0.17092763377625722, 0.16225691594199937, 0.15914920608451144, 0.1459563231879341, 0.14571430623521198], "SPD+Trikolóra": [0.21336036036036035, 0.15134255935335994, 0.14911413520921157, 0.15418331055283865, 0.13928320522754978, 0.13911507843355614], "Stačilo!": [0.09615015015015015, 0.11366205218549792, 0.11274519000896166, 0.11765800996302396, 0.1271741771541141, 0.12706394406414784], "Přísaha+Motoristé": [null, 0.08869156169988378, 0.08838992917169691, 0.09632560597817022, 0.10354545774008181, 0.10386801540982603], "SOCDEM": [0.07210810810810811, 0.060670280207371835, 0.06032489380896325, 0.0647869837120845, 0.0637695338075058, 0.06386190149984608]}, "allvalues": {"ANO": [0.33799999999999997, 0.263, 0.273, 0.275, 0.261, 0.231], "SPOLU": [0.15, 0.21600000000000003, 0.209, 0.2, 0.223, 0.215], "Piráti": [0.114, 0.113, 0.10800000000000001, 0.10099999999999999, 0.121, 0.094], "STAN": [0.073, 0.134, 0.09300000000000001, 0.10400000000000001, 0.081, 0.10300000000000001], "SPD+Trikolóra": [0.147, 0.079, 0.109, 0.10400000000000001, 0.079, 0.095], "Stačilo!": [0.054000000000000006, 0.061, 0.071, 0.067, 0.077, 0.081], "Přísaha+Motoristé": [null, 0.049, 0.044000000000000004, 0.06, 0.07200000000000001, 0.047], "SOCDEM": [0.036000000000000004, 0.027000000000000003, 0.028999999999999998, 0.034, 0.036000000000000004, 0.028999999999999998]}, "middle_dates": ["2023-11-25", "2024-03-09", "2024-03-15", "2024-04-02", "2024-05-23", "2024-05-24"], "choices": [{"id": "SPOLU", "name": "Koalice ODS, KDU-ČSL, TOP 09", "abbreviation": "SPOLU", "color": "#004494", "needs": 0.05, "mps": 8.0}, {"id": "ANO", "name": "Hnutí ANO", "abbreviation": "ANO", "color": "#261060", "needs": 0.05, "mps": 6.0}, {"id": "SOCDEM", "name": "Česká strana sociálně demokratická", "abbreviation": "SOCDEM", "color": "#F07D00", "needs": 0.05, "mps": 0.0}, {"id": "jiné strany", "name": "Jiné strany", "abbreviation": "Jiné", "color": 0, "needs": 0.0, "mps": 0.0}, {"id": "STAN", "name": "Starostové a nezávislí", "abbreviation": "STAN", "color": "#CE0F68", "needs": 0.05, "mps": 1.0}, {"id": "Piráti", "name": "Česká pirátská strana", "abbreviation": "Piráti", "color": "#000000", "needs": 0.05, "mps": 3.0}, {"id": "Zelení", "name": "Strana zelených", "abbreviation": "Zelení", "color": "#06B15D", "needs": 0.05, "mps": 0.0}, {"id": "PRO", "name": "PRO 2022", "abbreviation": "PRO", "color": "#0A9EC2", "needs": 0.05, "mps": 0.0}, {"id": "SPD+Trikolóra", "name": "Svoboda a přímá demokracie - Tomio Okamura", "abbreviation": "SPD", "color": "#EA2329", "needs": 0.05, "mps": 2.0}, {"id": "Stačilo!", "name": "Koalice KSČM", "abbreviation": "Stačilo!", "color": "#8C0000", "needs": 0.05, "mps": 1.0}, {"id": "Svobodní", "name": "Strana svobodných občanů", "abbreviation": "Svobodní", "color": "#008C72", "needs": 0.05, "mps": 0.0}, {"id": "Přísaha+Motoristé", "name": "Koalice Přísaha a Motoristé", "abbreviation": "Přísaha a Motor.", "color": "#0033FF", "needs": 0.05, "mps": 0.0}], "election_date": "2024-06-08"}